prediction_time_mean,prediction_time_std
4.649012949335602,1.1182328001417776
