prediction_time_mean,prediction_time_std,person_confidence_mean,person_confidence_std
2.074747123409357,127.83070015214658,0.8441401184676705,0.16578537820922834
